{
    "Glastrier": 0.7333333333333333,
    "Kartana": 0.5,
    "Wobbuffet": 0.5833333333333334,
    "Mudsdale": 0.75,
    "Aegislash": 0.6666666666666666,
    "Silvally-Water": 0.5,
    "Torkoal": 0.631578947368421,
    "Magnemite": 0.76,
    "Chansey": 0.6842105263157895,
    "Dracozolt": 0.7,
    "Aromatisse": 0.75,
    "Dragapult": 0.5625,
    "Zapdos": 0.5882352941176471,
    "Conkeldurr": 0.6666666666666666,
    "Heatran": 0.6451612903225806,
    "Tapu Lele": 0.75,
    "Garchomp": 0.6666666666666666,
    "Salazzle": 0.75,
    "Tapu Fini": 0.6296296296296297,
    "Goodra": 0.9310344827586207,
    "Sylveon": 0.6153846153846154,
    "Togedemaru": 0.625,
    "Swampert": 0.6956521739130435,
    "Haxorus": 0.5714285714285714,
    "Zeraora": 0.7142857142857143,
    "Darmanitan": 0.6176470588235294,
    "Regidrago": 0.6666666666666666,
    "Spectrier": 0.5,
    "Registeel": 0.6538461538461539,
    "Sirfetch\u2019d": 0.625,
    "Tornadus-Therian": 0.5,
    "Genesect": 0.7058823529411765,
    "Nidoking": 0.6363636363636364,
    "Zygarde": 0.6666666666666666,
    "Latios": 0.6086956521739131,
    "Volcarona": 0.6666666666666666,
    "Cloyster": 0.8571428571428571,
    "Indeedee": 1.0,
    "Rhyperior": 0.6666666666666666,
    "Pheromosa": 0.7307692307692307,
    "Heracross": 0.625,
    "Hatterene": 0.5,
    "Volcanion": 0.6428571428571429,
    "Salamence": 0.5833333333333334,
    "Necrozma": 0.75,
    "Azumarill": 0.7777777777777778,
    "Blacephalon": 0.8,
    "Lucario": 0.875,
    "Landorus-Therian": 0.6666666666666666,
    "Dracovish": 0.5714285714285714,
    "Polteageist": 1.0,
    "Rillaboom": 0.7142857142857143,
    "Gengar": 0.7142857142857143,
    "Inteleon": 0.7777777777777778,
    "Tangela": 1.0,
    "Urshifu": 0.6296296296296297,
    "Avalugg": 0.6551724137931034,
    "Blissey": 0.9615384615384616,
    "Regirock": 0.8,
    "Shuckle": 0.625,
    "Darmanitan-Galar": 0.6153846153846154,
    "Moltres-Galar": 0.68,
    "Cresselia": 0.7777777777777778,
    "Entei": 0.6666666666666666,
    "Sawk": 0.7058823529411765,
    "Quagsire": 0.5,
    "Aggron": 0.5714285714285714,
    "Jirachi": 0.7142857142857143,
    "Shellos": 1.0,
    "Buzzwole": 0.6875,
    "Urshifu-Rapid-Strike": 0.5714285714285714,
    "Regieleki": 0.6666666666666666,
    "Magikarp": 0.9523809523809523,
    "Eiscue": 0.6666666666666666,
    "Arcanine": 0.5,
    "Clawitzer": 1.0,
    "Hitmonlee": 0.875,
    "Genesect-Burn": 0.7142857142857143,
    "Primarina": 0.6153846153846154,
    "Mr. Mime-Galar": 0.5,
    "Snom": 0.75,
    "Rotom-Heat": 0.7142857142857143,
    "Charizard": 0.7142857142857143,
    "Bewear": 0.6,
    "Bisharp": 0.6666666666666666,
    "Tyranitar": 0.6666666666666666,
    "Reuniclus": 1.0,
    "Blastoise": 0.6428571428571429,
    "Aron": 0.7142857142857143,
    "Shedinja": 0.7,
    "Sceptile": 0.5555555555555556,
    "Wishiwashi": 0.5714285714285714,
    "Wartortle": 1.0,
    "Scizor": 0.6363636363636364,
    "Squirtle": 1.0,
    "Type: Null": 0.76,
    "Silvally-Fighting": 0.5,
    "Chandelure": 0.7142857142857143,
    "Bulbasaur": 1.0,
    "Wooper": 0.5714285714285714,
    "Froslass": 1.0,
    "Comfey": 0.5833333333333334,
    "Blaziken": 0.8,
    "Grimmsnarl": 0.8125,
    "Metagross": 0.8571428571428571,
    "Durant": 0.5,
    "Bouffalant": 0.6666666666666666,
    "Thundurus-Therian": 1.0,
    "Krookodile": 0.6666666666666666,
    "Kyurem": 0.6785714285714286,
    "Tapu Koko": 0.6153846153846154,
    "Linoone": 0.75,
    "Raboot": 0.6666666666666666,
    "Exploud": 0.9090909090909091,
    "Greedent": 0.75,
    "Magnezone": 0.6785714285714286,
    "Swoobat": 0.8125,
    "Obstagoon": 0.75,
    "Barraskewda": 0.9375,
    "Marowak-Alola": 0.6666666666666666,
    "Dunsparce": 0.65,
    "Trapinch": 1.0,
    "Venusaur": 0.7647058823529411,
    "Tapu Bulu": 0.6363636363636364,
    "Toxapex": 0.5,
    "Zoroark": 1.0,
    "Octillery": 0.5,
    "Turtonator": 1.0,
    "Naganadel": 0.5882352941176471,
    "Malamar": 0.6666666666666666,
    "Lapras": 0.75,
    "Gloom": 0.7,
    "Leafeon": 1.0,
    "Hydreigon": 0.5,
    "Rotom-Wash": 1.0,
    "Omastar": 0.6666666666666666,
    "Incineroar": 0.6875,
    "Hawlucha": 0.65,
    "Onix": 0.7142857142857143,
    "Ninetales-Alola": 0.6666666666666666,
    "Krokorok": 0.9545454545454546,
    "Stoutland": 0.5714285714285714,
    "Ferrothorn": 0.8333333333333334,
    "Azelf": 0.6666666666666666,
    "Diggersby": 0.6,
    "Clefable": 0.7692307692307693,
    "Moltres": 0.6666666666666666,
    "Raikou": 0.6666666666666666,
    "Diancie": 0.6470588235294118,
    "Cinccino": 1.0,
    "Unfezant": 0.5,
    "Starmie": 0.6,
    "Porygon2": 0.7083333333333334,
    "Porygon-Z": 0.5,
    "Walrein": 0.6666666666666666,
    "Ditto": 0.6363636363636364,
    "Corviknight": 0.625,
    "Suicune": 0.6666666666666666,
    "Scrafty": 0.7142857142857143,
    "Araquanid": 0.6,
    "Calyrex-Shadow": 1.0,
    "Zapdos-Galar": 0.875,
    "Scyther": 0.8,
    "Dusknoir": 0.75,
    "Keldeo-Resolute": 0.75,
    "Duraludon": 1.0,
    "Gardevoir": 0.6666666666666666,
    "Raichu": 0.5,
    "Celesteela": 1.0,
    "Zarude": 0.6666666666666666,
    "Umbreon": 0.9166666666666666,
    "Stakataka": 0.6666666666666666,
    "Dwebble": 0.7142857142857143,
    "Celebi": 0.5714285714285714,
    "Regigigas": 0.88,
    "Pangoro": 0.625,
    "Hitmonchan": 1.0,
    "Regice": 0.5714285714285714,
    "Shiinotic": 1.0,
    "Dusclops": 0.6666666666666666,
    "Eevee": 0.6,
    "Alakazam": 0.6666666666666666,
    "Munchlax": 0.6666666666666666,
    "Talonflame": 0.6,
    "Skarmory": 0.6111111111111112,
    "Sigilyph": 0.6428571428571429,
    "Whiscash": 0.5714285714285714,
    "Maractus": 0.5,
    "Charmander": 1.0,
    "Ninetales": 0.6666666666666666,
    "Dubwool": 1.0,
    "Machamp": 0.6666666666666666,
    "Hattrem": 1.0,
    "Mudbray": 1.0,
    "Tentacruel": 1.0,
    "Golbat": 1.0,
    "Golurk": 0.5,
    "Bellossom": 0.5714285714285714,
    "Mudkip": 1.0,
    "Gastrodon-East": 0.6818181818181818,
    "Miltank": 0.8181818181818182,
    "Centiskorch": 0.7857142857142857,
    "Pinsir": 1.0,
    "Corsola-Galar": 0.68,
    "Riolu": 0.75,
    "Amoonguss": 0.6666666666666666,
    "Nihilego": 0.6428571428571429,
    "Dragalge": 0.6,
    "Gallade": 1.0,
    "Togekiss": 0.8666666666666667,
    "Weezing-Galar": 0.6666666666666666,
    "Crustle": 0.68,
    "Abra": 1.0,
    "Whimsicott": 0.6666666666666666,
    "Crobat": 0.75,
    "Pyukumuku": 0.6,
    "Drapion": 0.8,
    "Excadrill": 0.8333333333333334,
    "Escavalier": 0.6666666666666666,
    "Rapidash": 1.0,
    "Pelipper": 0.5454545454545454,
    "Cofagrigus": 1.0,
    "Mandibuzz": 1.0,
    "Piloswine": 1.0,
    "Boltund": 0.875,
    "Slurpuff": 0.5,
    "Latias": 1.0,
    "Guzzlord": 0.6666666666666666,
    "Cradily": 0.5,
    "Butterfree": 0.6,
    "Carracosta": 0.6363636363636364,
    "Golisopod": 0.8,
    "Trevenant": 0.65,
    "Steelix": 0.8571428571428571,
    "Electivire": 0.875,
    "Thievul": 0.5,
    "Seismitoad": 0.6666666666666666,
    "Zygarde-10%": 0.5,
    "Marshtomp": 1.0,
    "Ferroseed": 0.625,
    "Landorus": 0.6923076923076923,
    "Ribombee": 0.8571428571428571,
    "Weavile": 0.5454545454545454,
    "Toxtricity": 1.0,
    "Slowking-Galar": 1.0,
    "Genesect-Douse": 0.6,
    "Armaldo": 1.0,
    "Tornadus": 1.0,
    "Klefki": 0.8,
    "Archeops": 0.5,
    "Zarude-Dada": 0.5,
    "Musharna": 0.6428571428571429,
    "Sandaconda": 1.0,
    "Hippowdon": 0.5,
    "Xurkitree": 0.6363636363636364,
    "Wailmer": 1.0,
    "Slowbro-Galar": 1.0,
    "Silvally-Fairy": 0.6363636363636364,
    "Gyarados": 0.7692307692307693,
    "Charmeleon": 0.5555555555555556,
    "Copperajah": 1.0,
    "Tyrantrum": 0.6666666666666666,
    "Pichu": 0.5,
    "Druddigon": 1.0,
    "Accelgor": 1.0,
    "Silvally-Electric": 0.5,
    "Krabby": 0.7142857142857143,
    "Mamoswine": 0.625,
    "Roserade": 0.7692307692307693,
    "Drifblim": 1.0,
    "Sudowoodo": 0.6875,
    "Alcremie-Caramel-Swirl": 0.6538461538461539,
    "Slowpoke": 1.0,